{
    "siteName": "搜狐新闻",
    "domain": "news.sohu.com",
    "startURL": [
        "http://news.sohu.com/"
    ],
    "id": "",
    "thread": "1",
    "retry": "2",
    "sleep": "0",
    "maxPageGather": "10",
    "timeout": "5000",
    "charset": "",
    "callbackURL": [],
    "userAgent": "Mozilla/5.0 (Windows NT 5.2) AppleWebKit/534.30 (KHTML, like Gecko) Chrome/12.0.742.122 Safari/534.30",
    "proxyHost": "",
    "proxyPort": "0",
    "proxyUsername": "",
    "proxyPassword": "",
    "contentReg": "",
    "contentXPath": "//div[@itemprop=\"articleBody\"]/allText()",
    "titleReg": "",
    "titleXPath": "//h1/text()",
    "categoryReg": "",
    "categoryXPath": "//div[@id=\"mypos\"]/span/allText()",
    "defaultCategory": "",
    "urlReg": "http://news\\.sohu\\.com/\\d{8}/n\\d*\\.shtml",
    "extractUrlReg": "",
    "publishTimeXPath": "//div[@id=\"pubtime_baidu\"]/text()",
    "publishTimeReg": "",
    "publishTimeFormat": "yyyy-MM-dd hh:mm:ss",
    "lang": "",
    "country": "",
    "doNLP": true,
    "needPublishTime": true,
    "saveCapture": true,
    "gatherFirstPage": false,
    "needTitle": false,
    "needContent": false,
    "ajaxSite": false,
    "autoDetectPublishDate": false,
    "dynamicFields": [],
    "staticFields": []
}