{
  "siteName": "网易新闻",
  "domain": "news.163.com",
  "startURL": [
    "http://news.163.com/"
  ],
  "id": "AVmyFYFbF9E-TzdHO95J",
  "thread": "1",
  "retry": "2",
  "sleep": "0",
  "maxPageGather": "500",
  "timeout": "5000",
  "charset": "",
  "callbackURL": [],
  "userAgent": "Mozilla/5.0 (Windows NT 5.2) AppleWebKit/534.30 (KHTML, like Gecko) Chrome/12.0.742.122 Safari/534.30",
  "proxyHost": "",
  "proxyPort": "0",
  "proxyUsername": "",
  "proxyPassword": "",
  "contentReg": "",
  "contentXPath": "//div[@id=\"endText\"]/tidyText()",
  "titleReg": "",
  "titleXPath": "",
  "categoryReg": "",
  "categoryXPath": "//a[@id=\"ne_article_source\"]/text()",
  "defaultCategory": "",
  "urlReg": "http://news\\.163\\.com/.*html",
  "extractUrlReg": "",
  "publishTimeXPath": "",
  "publishTimeReg": "",
  "publishTimeFormat": "",
  "lang": "",
  "country": "",
  "ajaxWait": "1",
  "extractorId": "",
  "extractorScriptType": "python2",
  "extractorScript": "",
  "doNLP": true,
  "needContent": true,
  "needPublishTime": true,
  "saveCapture": true,
  "autoDetectPublishDate": true,
  "portSpiderInfo": "",
  "gatherFirstPage": false,
  "needTitle": false,
  "ajaxSite": false,
  "dynamicFields": [],
  "staticFields": []
}