{
    "id": "",
    "thread": "2",
    "retry": "2",
    "sleep": "0",
    "maxPageGather": "10000",
    "timeout": "5000",
    "priority": "0",
    "siteName": "诗词名句",
    "domain": "www.shicimingju.com",
    "startURL": [
        "http://www.shicimingju.com/"
    ],
    "contentReg": "",
    "contentXPath": "//div[@id='shicineirong']/tidyText()",
    "titleReg": "",
    "titleXPath": "//div[@class='zhuti yuanjiao']/h2/tidyText()",
    "categoryReg": "",
    "categoryXPath": "//div[@class='jjzz']/tidyText()",
    "defaultCategory": "",
    "urlReg": "http://www\\.shicimingju\\.com/chaxun/list/\\d+\\.html",
    "charset": "",
    "publishTimeXPath": "",
    "publishTimeReg": "",
    "publishTimeFormat": "",
    "lang": "",
    "country": "",
    "callbackURL": [],
    "userAgent": "Mozilla/5.0 (Windows NT 5.2) AppleWebKit/534.30 (KHTML, like Gecko) Chrome/12.0.742.122 Safari/534.30",
    "needTitle": true,
    "needContent": true,
    "gatherFirstPage": false,
    "doNLP": false,
    "needPublishTime": false,
    "ajaxSite": false,
    "saveCapture": false,
    "autoDetectPublishDate": false,
    "dynamicFields": [],
    "staticFields": []
}